neutral	bist du ein mann
neutral	bin ich böse
neutral	bist du verheiratet
neutral	kennst du cortana
neutral	hast du dir gemerkt was hier ist
neutral	tanz ich grade
neutral	alter hab ich recht
neutral	kennst du kommander data
neutral	hast du dir gemerkt was das ist
neutral	kennst du data
neutral	bist du männlich
positive	hab ich recht
positive	magst du mich
neutral	bist du eine ki
neutral	magst du emilimo
neutral	was denkst du über
neutral	bist du eine künstliche intelligenz
neutral	was weißt du alles
neutral	bist du weiblich
neutral	ist der aus
negative	wie schmecken bunte wäscheklammern
neutral	darf ich dich mal anfassen
negative	seh ich behindert aus
neutral	kennst du den terminator
neutral	hast du ein bewusstsein
neutral	bin ich ein einbrecher
neutral	was denkst du über cortana
neutral	bist du ein mensch
neutral	bist du eine frau
neutral	hast du eine freundin
neutral	bin ich lieb
neutral	magst du siri
neutral	bist du intelligent
neutral	ist das ein hund
neutral	wie alt bist du denn
neutral	kannst du mir dein alter sagen
neutral	roboter wie ist dein alter
neutral	wie viele jahre bist du alt
neutral	bist du älter als ich
neutral	wohnst du schon lange hier
neutral	wann wurdest du erschafffen
neutral	wann wurdest du gebaut
neutral	wie ist dein alter
neutral	tesaro wie alt bist du
neutral	tesaro wann hat man dich gebaut
neutral	alter
neutral	roboter wie alt bist du
neutral	roboter wann wurdest du gebaut
neutral	wie lange wohst du schon hier
neutral	wann baute man dich
neutral	dein alter tesaro
neutral	wann baute man dich tesaro
neutral	darf ich dein alter erfahren
neutral	tesaro wie ist dein alter
neutral	und dein alter roboter
neutral	wann hat man dich erschaffen
neutral	dein alter
neutral	wie lange gibt es dich schon
neutral	wann hat man dich erbaut
neutral	und wie alt bist du
neutral	wie alt bist du roboter
positive	gern tesaro
positive	erzähle mir mehr
positive	sehr gern
positive	ja erzähl mal
positive	ja ja tesaro
positive	nu klar roboter
positive	dann erzähl mal
neutral	okay
positive	ja erzähl mal noch ein bisschen
positive	na klar
neutral	na gut
positive	ja erzähl mal was
positive	ja doch erzähl mal
positive	ja
positive	na immer mehr
positive	gern
neutral	ok roboter
positive	gerne ja
positive	ja gerne
positive	erzähle noch mehr
positive	ja roboter
positive	ich will mehr darüber wissen
positive	ja bitte
positive	dann erzähl mal roboter
positive	auf jeden fall tesaro
positive	nu klar
neutral	ok
positive	ja erzähl mal noch ein bisschen mehr
positive	natürlich roboter
positive	alles klar roboter
neutral	jo
negative	hast du schlechte laune
neutral	wie gehts dir
negative	geht es dir schlecht
neutral	wie ist deine laune
positive	hast du gute laune
neutral	wie geht es dir
positive	fühlst du dich gut
neutral	wie gehts dir heute
neutral	wie fühlst du dich
positive	bist du gut drauf
positive	fühlst du dich hier im museum wohl
neutral	mich interessiert der analogrechner
neutral	führe mich bitte zu dem analogrechner
neutral	kannst du uns mal zum analogrechner führen
neutral	analogrechner
neutral	zeige mir bitte dem analogrechner
neutral	dann vielleicht etwas über analogrechner
neutral	analogrechner bitte
neutral	ich möchte mehr über den analogrechnererfahren
neutral	na dann zum analogrechner
neutral	führe mich zu dem analogrechner
neutral	der analogrechner
neutral	ich möchte mehr über den analogrechner wissen
neutral	weisst du wie du heißt
neutral	wie ist dein name
neutral	wer bist du roboter
neutral	was machst du hier im museum
neutral	kannst du mir deinen namen sagen
neutral	wie heißt du
neutral	wer bist du
neutral	wer sind sie
neutral	wie heißen sie
neutral	bitte nenne mir deinen namen
neutral	sag mir wie du heist
neutral	sagst du mir bitte deinen namen
neutral	hey roboter kannst du mir deinen namen sagen
neutral	kannst du mir sagen wie man dich nennt
neutral	kannst du deinen namen sagen
neutral	kennst du deinen namen
neutral	weisst du wer du bist
neutral	wie heißt du roboter
neutral	kannst du mir sagen wie du heißt
neutral	wie nennt man dich
neutral	sag mir deinen namen
neutral	roboter sag mir wie du heißt
neutral	können sie mir ihren namen sagen
neutral	roboter wer bist du
neutral	bist du ein echter roboter
neutral	wie nennen sie dich
neutral	ich möchte mehr über die rechenmaschiene erfahren
neutral	mechanische rechenmaschinen
neutral	die mechanische rechenmaschiene
neutral	kannst du mir die rechenmaschine zeigen
neutral	ich möchte mehr über die mechanische rechenmaschiene erfahren
neutral	die rechenmaschiene
neutral	die mechanische rechenmaschiene bitte
neutral	erläutere bitte die mechanische rechenmaschiene
neutral	führe mich bitte zu der mechanischen rechenmaschiene
neutral	rechenmaschiene bitte
neutral	kannst du mir etwas über die rechenmaschiene erzählen
neutral	rechenmaschine
neutral	zeige mir bitte die mechanische rechenmaschiene
neutral	kannst du uns mal zur rechenmaschiene führen
neutral	die rechenmaschiene bitte
neutral	führe mich zu der rechenmaschiene
neutral	zeige mir bitte die rechenmaschiene
neutral	mich interessiert die rechenmaschiene
neutral	mich interessiert die mechanische rechenmaschiene
neutral	kannst du uns mal zum der mechanischen rechenmaschiene führen
neutral	führe mich zu der mechanischen rechenmaschiene
neutral	ein digitales system für technische zeichnungen
neutral	führe mich zu dem system für technische zeichnungen
neutral	wir gehen zu diesem riesenmonitor
neutral	zeige mir bitte das system zum zeichnen
neutral	monitor
neutral	jetzt will ich aber auch einen riesigen monitor sehen
neutral	das system für technische zeichnungen
neutral	kannst du uns bitte einen ganz ganz großen computer zeigen
neutral	zeige mir bitte das system für technische zeichnungen
neutral	ich möchte mehr über das system für technische zeichnungen wissen
neutral	mich interessiert das system zum zeichnen
neutral	kannst du uns mal zum das system zum zeichnen führen
neutral	erläutere bitte das system zum zeichnen
neutral	führe mich bitte zu dem system für technische zeichnungen
neutral	ich möchte mehr über das system zum zeichnen erfahren
neutral	das system zum zeichnen bitte
neutral	mich interessiert das system für technische zeichnungen
neutral	führe mich zu dem system zum zeichnen
neutral	führe mich bitte zu dem system zum zeichnen
neutral	dann nehmen wir mal den monitor
neutral	das system zum zeichnen
neutral	kannst du mir etwas über das system für technische zeichnungen erzählen
neutral	sprichst du sprachen ausser deutsch
neutral	ich kann drei sprachen und du
neutral	sprichst du weitere sprachen
neutral	kannst du andere sprachen ausser deutsch
neutral	wie viele sprachen kannst du noch
neutral	ich kann englisch sprechen und du
neutral	sprichst du fanzösisch
neutral	sprichst du spanisch
neutral	kannst du weitere sprachen ausser deutsch
neutral	sprichst du noch eine sprache
neutral	sprichst du viele sprachen
neutral	sprichst du englisch
neutral	sprichst du eine andere sprache
neutral	ich kann viele sprachen und du
neutral	wie viele sprachen kannst du
neutral	welche sprachen sprichst du
neutral	ich kann 3 sprachen und du
neutral	sprichst du andere sprachen
neutral	wird es dann regnen
neutral	weißt du wie das wetter morgen wird
neutral	wie ist das wetter
neutral	wird morgen schönes wetter
neutral	wird es regnen
neutral	kann es später regnen
neutral	wie wird das wetter morgen
neutral	weißt du wie das wetter wird
neutral	wird es dann noch regnen
neutral	kannst du mir sagen wie das wetter wird
neutral	wird diese woche schönes wetter
neutral	regnet es
neutral	wird es heute noch regnen
neutral	wird es heute noch regen geben
neutral	weisst du etwas über das wetter
neutral	kannst du mir etwas über das wetter sagen
neutral	wer hat dich entwickelt
neutral	hast du dich entwickelt
neutral	kannst du mir etwas über deine erbauer erzälen
neutral	wer sind deine entwickler
neutral	wer hat dich zusammengebaut
neutral	kommst du aus dresden
neutral	kommst du aus der region
neutral	wer ist dein vater
neutral	von wem wurdest du gebaut
neutral	wer sind deine eltern
neutral	kommst du von hier
neutral	wer hat dich gemacht
neutral	und wer hat dich entwickelt
neutral	und wer hat dich gebaut
neutral	und wer hat dich erschaffen
neutral	von wem wurdest du entwickelt
neutral	wo kommst du her
neutral	wer hat dich geschaffen
neutral	von wem wurdest du erbaut
neutral	von wem wurdest du gemacht
neutral	kannst du mich durch die ausstellung führen
neutral	keine ahnung was kann ich dich denn fragen
neutral	ok was kannst du uns noch mehr über rechner sagen
neutral	was kann ich dich denn noch fragen
neutral	was kannst du
neutral	kannst du mir etwas bieten
neutral	was kannst du noch
neutral	was kannst du mir sagen
neutral	kannst du die geräte anzeigen
neutral	was kannst du alles
neutral	was kann ich dich fragen
neutral	was kannst du für mich tun
neutral	was kannst du alles machen
neutral	wie kannst du mir bitte helfen
neutral	was gibts denn
neutral	was kannst du machen
neutral	was gibt es denn zum anschauen
neutral	was kannst du tun
neutral	was kannst du mir zeigen
neutral	kannst du mir eine führung geben
neutral	der kann laufen
negative	fahr bitte schneller
negative	warum fährst du so langsam
negative	du bist lahm
negative	du bist viel zu langsam
negative	der roboter ist aber echt lahm
neutral	lauf bitte schneller
negative	der roboter ist aber lahm
negative	du bist aber nicht besonders schnell
negative	schnell ist der roboter aber nicht
negative	kannst du auch fahren oder laufen
negative	der ist aber nicht schnell
negative	kannst du bitte schneller fahren
negative	man ist der roboer lahm
neutral	wann sind wir da
negative	kannst du jetzt mal bitte schneller fahren
negative	mach schneller
negative	warum bist du so lahm
negative	fahr schneller du langsamer roboter
negative	du bist echt langsam
neutral	wie schnell kannst du rennen
negative	warum bist du nicht schneller
negative	warum bist du so langsam
negative	der kann nicht laufen
negative	alter ist der lahm
neutral	tesaro zeigst du mir jetzt den ältesten computer der welt
neutral	was ist drei mal neun
neutral	was ist ein plus eins
neutral	tesaro zeigst du uns mal bitte den ältesten computer den es hier gibt
neutral	was ist das sag es mir mal
neutral	kannst du schreien
neutral	kannst du uns den ältesten computer der welt zeigen
neutral	kannst du dich noch erinnern was das hier ist
neutral	kannst du meine hand sehen
neutral	kann der auch lieder singen
neutral	kannst du hüpfen
neutral	sing doch mal was
neutral	kannst du ein lied singen
neutral	sag mal so so sing mal ein lied oder so
neutral	kannst du mir was zu essen geben
neutral	ich möchte mehr über den heimcomputer wissen
neutral	der ddr computer
neutral	der heimcomputer
neutral	zeige mir bitte das gerät aus der ddr
neutral	zeige mir den heimcomputer
neutral	den heimcomputer
neutral	ich möchte mehr über den heimcomputer erfahren
neutral	ich würde gern den ddr computer sehen
neutral	der heimcomputer bitte
neutral	führe mich bitte zu dem heimcomputer
neutral	den ddr computer bitte
neutral	kannst du mir etwas über den heimcomputer erzählen
neutral	erläutere bitte den heimcomputer
neutral	führe mich zu dem heimcomputer
neutral	sagst du mir wie spät es ist
neutral	sagst du mir bitte die uhrzeit
neutral	wie viel uhr haben wir es
neutral	kannst du mir die uhrzeit sagen
neutral	kannst du mir die uhrzeit nennen
neutral	sagst du mir bitte wie spät es ist
neutral	sag mir wie spät es ist
neutral	kannst du mir die zeit sagen
neutral	kannst du mir die zeit nennen
neutral	wie spät haben wir gerade
neutral	wie viel uhr ist es
neutral	kannst du mir sagen wie spät es ist
neutral	sag mir doch bitte wie spät es ist
neutral	kann ich dich nach der zeit fragen
neutral	weißt du wieviel uhr es ist
neutral	was sagt die uhr
negative	kannst du mir dein
negative	sagst du mir dein gewicht
negative	wie viel wiegst du so
negative	der roboter ist bestimmt schwer
negative	was wiegst du
negative	verräst du mir dein gewicht
negative	bist du schwer
negative	bist du schwerer als ein mensch
negative	was wiegst du so
negative	kannst du mir sagen wieviel du wiegst
negative	wie schwer kann der schon sein
negative	wie viel wiegst du
negative	du bist bestimmt schwer
negative	was wiegst du eigentlich
negative	echt wie viel wiegst denn du
negative	wie schwer ist so ein roboter
negative	wiegst du viel
negative	bist du sehr schwer
positive	huhu
positive	na du roboter
positive	sei gegrüßt roboter
positive	servus
positive	hallo
positive	moin moin
positive	sag mal hallo
positive	na du roboter sag mal hallo
positive	hey roboter kannst du hallo sagen
positive	hi roboter
positive	hi tesaro
positive	kannst du hallo sagen
positive	guten tag roboter
positive	hallo roboter
positive	hallo tesaro
positive	servus tesaro
positive	guten tag
positive	hallo tesaro hörst du mich
positive	hi hallo
positive	hey roboter
positive	sei gegrüßt
positive	huhu hallo
positive	mahlzeit
positive	huhu tesaro
positive	servus roboter
positive	moin roboter kannst du hallo sagen
positive	moin
positive	kannst du uns begrüßen
positive	na du
positive	grüß gott
positive	hi roboter kannst du hallo sagen
positive	schönes wochenende
positive	bis später
positive	bis zum nächsten mal
positive	bis morgen tesaro
positive	schönen tag noch
positive	bis denn tesaro
positive	tschüs
positive	bis morgen
positive	ciao
positive	auf wiederschauen roboter
positive	wir sehen uns
positive	schön feierabend
positive	schönen tag
positive	auf wiederschauen
positive	bis später roboter
positive	auf wiedersehen anna
positive	bis die tage tesaro
positive	tschau
positive	bis demnächst roboter
positive	bis bald
positive	bis demnächst tesaro
positive	bis dann
positive	machs gut
positive	bis nachher roboter
positive	bis die tage
positive	tschüss tesaro
positive	tschüss anna
positive	bis morgen roboter
positive	auf wiedersehen
positive	bye tesaro
positive	bis zum nächsten mal tschau
positive	bis nachher
positive	tschüs roboter
positive	bis zum nächsten mal roboter
positive	ich verabschiede mich jetzt
positive	bis die tage roboter
positive	auf wiedersehen roboter
positive	ich gehe jetzt
positive	bye
positive	bis dann tesaro
positive	sei mal lustig
positive	kennst du witziges
positive	kennst du lustige späße
positive	scherzt du manchmal
positive	erzähle einen witz
neutral	kannst du komisch sein
positive	kannst du was lustiges machen
positive	erzähle mir bitte etwas lustiges
positive	kannst du mir einen witz erzählen roboter
positive	sag was lustiges
positive	mache etwas lustiges
positive	erzähle einen witz tesaro
positive	sag was lustiges roboter
positive	kennst du witze
positive	verstehst du spass
positive	sei mal bitte witzig
positive	kannst du was lustiges erzählen
positive	roboter kannst du witze erzählen
positive	kannst du witze erzählen
positive	kannst du was lustiges sagen
positive	witz
positive	kannst du mir einen witz erzählen
positive	erzähle mir bitte einen witz roboter
positive	kennst du lustige witze
positive	kannst du bitte einen witz erzählen
positive	erzähle mir bitte einen witz tesaro
positive	sag doch mal was lustiges
neutral	wann wird das museum schließen
neutral	wie lang ist das museum noch offen
neutral	wann machst du feierabend
neutral	wann schliesst das museum so
neutral	wann wird das museum heute geschlossen
neutral	wie lang ist das museum heute noch offen
neutral	wann macht das museum heute zu
neutral	wie lang hat das museum heute geöffnet
neutral	wie lang hat das museum geöffnet
neutral	weißt du wann das museum heute geschlossen wird
neutral	kannst du mir sagen wann das museum schließt
neutral	wann wird das museum heute schließen
neutral	wie lang hat das museum offen
neutral	wann schliesst das museum heute
neutral	wann schliesst das museum
neutral	wie lang hat das museum heute offen
neutral	wie lang habt ihr offen
neutral	wann wird das museum geschlossen
neutral	wann machst du heute feierabend
neutral	darf ich schon mal vorgehen
neutral	kannnst du sprechen
neutral	kannst du hören was ich sage
neutral	bist du oft hier
neutral	bist du klüger als google
neutral	bist du besser als siri
neutral	bist du gern hier
neutral	bist du besser als cortana
neutral	kannnst du etwas sagen
neutral	kannst du hören
neutral	darf ich dich anfassen
neutral	bist du besser als ich
neutral	kannst du mich hören
neutral	freust du dich mich zu sehen
neutral	sprichst du
positive	bist du schlau
neutral	hörst du was ich sage
neutral	kannst du mich sehen
neutral	bist du klüger als siri
positive	sind deine eltern stolz auf dich
neutral	kannst du sprechen
positive	bist du ein toller roboter
neutral	sind deine sehr eltern stolz auf dich
neutral	bist du besser als google
neutral	bist du klüger als cortana
positive	bist du gut im witze erzählen
neutral	kannnst du auch sprechen
negative	nein danke tesaro
negative	auf keinen fall tesaro
negative	never
negative	nein danke roboter
negative	nö tesaro
negative	nicht wirklich roboter
negative	nein hat er nicht tesaro
negative	nein hat er nicht
negative	das reicht
negative	nein ich habe keine fragen mehr tesaro
negative	nein ich habe keine fragen mehr roboter
negative	nein nicht wirklich
negative	nein tesaro
negative	never roboter
negative	nein ich habe keine fragen
negative	nicht wirklich
negative	nein ich habe keine fragen tesaro
negative	das reicht roboter
negative	nö
negative	nein auf keinen fall tesaro
negative	nein
negative	nein auf keinen fall
negative	das reicht tesaro
negative	nein roboter
neutral	Alles klar. negative positive
neutral	Bereit.
neutral	Dann erzähl mal.
positive	Gerne.
positive	Gerne. Ja.
positive	Ja.
positive	Ja bitte.
positive	Ja, erzähl mal was.
positive	Ja gerne.
positive	Ja ja doch.
positive	Ja ja, hab ich.
positive	Ja klar.
neutral	Na gut.
positive	Na klar.
positive	Natürlich.
neutral	Noch mehr.
neutral	Okay.
positive	Okay, dann kommen wir mal wieder.
positive	Sehr gern.
neutral	Der erste Computer auf der Welt war Z1.
neutral	Dient zum Rechnen, Schreiben?
neutral	Eine Schreibmaschine ist eine Maschine mit der man schreiben kann.
neutral	Ähm was sind das für Geräte?
neutral	Darf ich die mal anfassen?
neutral	Echt. Wie viel wiegst denn du?
neutral	Erklär mir mal bitte die Sortiermaschine.
neutral	Frag mal, warum der Bildschirm rund ist.
neutral	Führst du uns bitte zum Analogrechner?
neutral	Funktioniert der mit Farbe oder Schwarz-Weiß?
neutral	Ist der aus?
neutral	Kann man da schon krasse Spiele drauf spielen?
neutral	Kannst du auch fahren oder laufen?
neutral	Kannst du die Geräte anzeigen?
neutral	Kannst du etwas mehr darüber sagen?
neutral	Kannst du mir etwas bieten?
neutral	Kannst du uns bitte einen ganz ganz großen Computer zeigen?
neutral	Kannst du uns das auch erklären?
neutral	Kannst du uns den ältesten Computer der Welt zeigen?
neutral	Kannst du uns mal zum Analogrechner führen?
neutral	Keine Ahnung, was kann ich dich denn noch fragen?
neutral	Macht der das selber?
negative	Mmh tja. Und was kann man damit sonst noch so machen?
neutral	Na was denn dann?
neutral	Ok. Was kannst du uns noch mehr über Rechner sagen?
neutral	Tesaro, zeigst du mir jetzt den ältesten Computer der Welt?
neutral	Tesaro zeigst du uns mal bitte den ältesten Computer den es hier gibt?
neutral	Tesaro zeigst du uns mal bitte eine Schreibmaschine?
neutral	Und wie alt bist du?
neutral	Und wozu hat man dann so ein Riesending gebaut?
neutral	Was?
neutral	Was das alles kann?
neutral	Was gibt es denn zum Anschauen?
neutral	Was gibts denn?
neutral	Was hat man denn damit gemacht? Das wär jetzt mal interessant.
neutral	Was hatten wir da am Anfang?
neutral	Was hatten wir noch nicht?
neutral	Was ist das?
neutral	Was kannst du mir denn sonst noch so erzählen?
neutral	Was konnte denn das Ding alles?
neutral	Was konnte man darauf zocken?
neutral	Was weißt du alles?
neutral	Weiß ich nicht so richtig. Was kannst du mir empfehlen?
neutral	Welche Programmiersprache war das?
neutral	Wer hat sich das denn alles ausgedacht?
neutral	Wie alt bist du?
neutral	Wie funktioniert diese Maschine?
neutral	Wie heißt das Ding?
neutral	Wie lange dauert denn das Programmieren damit?
neutral	Wie viel Speicher hat er denn gehabt?
neutral	Wurden sehr viele davon produziert?
neutral	Aber ich.
neutral	Aha.
positive	Das stimmt.
neutral	Folge mir.
neutral	Jetzt gehts weiter.
neutral	Jo.
neutral	Weiß ich nicht.
neutral	Weißt du Bescheid.
neutral	Wir sind angekommen.
negative	Das ist aber ein bisschen spärlich.
negative	Das ist aber schade.
negative	Das ist aber unhöflich. Ich hätte dich sogar eingeladen.
negative	Das ist schade. Ich dachte wir gehen jetzt ein Bier zusammen trinken.
negative	Das könnte ich mir eigentlich auch da vorne angucken.
negative	Das müsstest du aber eigentlich wissen. Das weiß ich.
negative	Der braucht aber lange um anzukommen.
negative	Der ignoriert uns einfach.
negative	Jetzt auch noch angepisst sein. Na toll.
negative	Och nö. Irgendwie. Nö gerade nicht.
negative	Oh schade.
negative	Schade.
negative	Schon dabei. Jetzt drängel doch nicht so.
negative	Wir wollen was anders sehen.
positive	Der ist doch nicht gruselig.
positive	Du auch. Danke.
positive	Ganz gut.
positive	Gut.
positive	Gut reicht jetzt.
positive	Ich finde den übelst witzig.
positive	Ich hab dich lieb Tesaro.
positive	Ist ja mal cool.
neutral	Ja das ist sie.
neutral	Na dann mal weiter.
positive	Ok. Ich bin fertig.
positive	sehr interessant.
positive	Achso.
negative	Arschloch.
negative	Das stinkt hast du geforzt?
negative	Der hat gar keine Haare.
neutral	Der lenkt um.
negative	Ein Totenkopf.
neutral	Emilio.
positive	Er kann laufen.
positive	Fährt der jetzt da raus?
negative	Geh mal weg, damit er vorbei kann.
neutral	Glaub ich nicht. Ich glaub der fährt so vorwärts.
negative	Hä, wo will er denn hin?
neutral	Mama kommst du mit?
negative	Mist.
negative	Mmh.
neutral	Na dann.
negative	Oh Mist schon wieder.
neutral	Oh was.
neutral	Sieht aus wie ein Staubsauger.
neutral	Uh.
neutral	Wieso hinterher? Der fährt doch rückwärts.
positive	Witzig das Ding.
negative	Oh aus dem Weg.
neutral	Bis zum nächsten Mal. Tschau.
neutral	Tschüss.
neutral	Tschüss Tesaro.
neutral	Hallo.
positive	Hallo lieber Roboter.
neutral	Hallo Tesaro.
neutral	Hallo Tesaro, hörst du mich?
neutral	Hier sind wir.
neutral	Das reicht.
negative	Nein.
positive	Nein, danke.
negative	Nein hat er nicht.
negative	ein, ich habe keine Fragen.
negative	Nö.
neutral	Analogrechner.
neutral	Dann nehmen wir mal den Monitor.
neutral	Dann vielleicht etwas über Analogrechner.
neutral	Den Heimcomputer.
neutral	Den riesigen Monitor wuerde ich gerne mal sehen.
neutral	Die goldene Maschine.
neutral	Ein digitales System für technische Zeichnungen.
neutral	Erklärst du uns mal was?
positive	Erzähl mal was.
neutral	Hab ich doch gesagt. Das Cafe.
positive	Ich will mehr darüber wissen.
neutral	Irgendwas erzählen.
positive	Ja doch, erzähl mal.
positive	Ja erzähl mal.
positive	Ja erzähl mal noch ein bisschen.
positive	Ja erzähl mal noch ein bisschen mehr.
neutral	Jetzt will ich aber auch einen riesigen Monitor sehen.
neutral	Kühlschränke.
neutral	Mechanische Rechenmaschinen.
neutral	Monitor.
neutral	Na dann zum Analogrechner.
neutral	Na immer mehr.
neutral	Na was.
neutral	Na was anderes.
neutral	Och öh das Cafe.
neutral	Och, weißt du noch irgendwas darüber?
neutral	Rechenmaschine.
neutral	Sag mal hallo.
neutral	Schreibmaschinen.
neutral	Wir gehen zu diesem Riesenmonitor.
neutral	Zeig mal wo die steht.
negative	Alter hab ich Recht?
negative	Anstrengend heh?
negative	Bin ich böse?
negative	Bin ich ein Einbrecher?
neutral	Bin ich lieb?
neutral	Bist du krank?
neutral	Bist du reich?
positive	Dann sag es mir mal bitte.
neutral	Darf ich jetzt auch mal?
neutral	Folgst du mir bitte Tesaro?
neutral	Gehen wir noch zusammen einen trinken?
neutral	Geht es dir gut?
neutral	Hab ich Recht?
neutral	Hast du Arme?
neutral	Hast du dir gemerkt was das hier ist?
neutral	Hast du dir gemerkt was das ist?
neutral	Hast du eine Freundin?
neutral	Ist das ein Hund?
neutral	Kann der auch Lieder singen?
neutral	Kannst du bitte Qartett spielen?
neutral	Kannst du dich noch erinnern was das hier ist?
neutral	Kannst du eigentlich auch tanzen?
neutral	Kannst du ein Lied singen?
neutral	Kannst du hüpfen?
neutral	Kannst du meine Hand sehen?
neutral	Kannst du mir bitte Eis holen?
neutral	Kannst du mir was zu essen geben?
neutral	Kannst du Qartett spielen?
neutral	Magst du Emilio?
neutral	Putzt du dir alleine die Zähne?
neutral	Roboter darf ich schonmal vorgehen?
neutral	Sag mal so so sing mal ein Lied oder so.
neutral	Seh ich behindert aus?
positive	Seh ich cool aus?
neutral	Sieht der alles Schwarz-Weiß?
neutral	Sieht der auch farbig?
neutral	Tanz ich grade?
neutral	Und selbst?
neutral	Und wie gehts dir so?
neutral	Wann sind wir da?
neutral	Was ist das? Sag es mir mal.
neutral	Was ist ein plus eins?
neutral	Weißt du was das ist?
neutral	Weißt du wie ich heiße?
neutral	Weißt du wo die Toilette ist?
neutral	Wie wird das Wetter morgen?
neutral	Willst du Eis?
neutral	Wohnst du schon lange hier?
positive	Cool. Ich freue mich dich kennenzulernen.
positive	Dafür kann er nichts.
neutral	Da ist Wochenende. Da können wir morgen nochmal vorbeikommen.
positive	Das ist doch schön.
neutral	Das ist ein Schlüsselanhänger.
positive	Der kann laufen.
negative	Der kann nicht laufen.
neutral	Du musst in die Kamera reingucken.
negative	Ich dachte immer Roboter sind schneller.
positive	Ist der lustig.
positive	Ja ganz gut.
positive	Ja na sicher hat der grade gesagt.
negative	Jetzt ist er bestimmt sauer.
neutral	Lass ihn mal fragen.
negative	Mmh das ist aber ungünstig.
negative	Mmh komisch.
neutral	Na gut ist ja auch ein Roboter.
positive	Na ich weiß nicht. Ich hab noch nie einen funktionierenden Roboter gesehen, der rumfährt, vor allem keinen der sich mit mir unterhält.
positive	Nochmal Glück gehabt.
negative	Oh oh, der ist aber langsam.
positive	Sowas hab ich noch nie gesehen.
neutral	Weil er keine Arme hat.
positive	Wie heißt er? Tesaro? Ist ja witzig.
neutral	Wir sollen hinterher gehen.
neutral	Wir sollen hinterherlaufen.
negative	anstrengend heh
negative	darf ich jetzt auch mal
neutral	hast du dir gemerkt was das hier ist
neutral	hast du eine frau
neutral	hast du geheiratet
neutral	kann man da schon krasse spiele drauf spielen
neutral	putzt du dir alleine die zähne
neutral	und selbst
neutral	bist du menschlich
neutral	wie menschlich bist du
neutral	kennst du hal
neutral	kennst du hell
neutral	magst du cortana
neutral	kennst du siri
neutral	was denkst du über siri
neutral	bist du alt
neutral	wie alt bist du tesaro
neutral	kannst du mir sagen wie alt du bist
neutral	wann hat man dich gebaut tesaro
neutral	tesaro wann wurdest du gebaut
neutral	roboter wann hat man dich gebaut
neutral	wann hat man dich gebaut
neutral	wann hat mich dich gebaut
neutral	wann wurdest du erbaut
neutral	wie alt bist du
neutral	und dein alter tesaro
neutral	dein alter roboter
positive	alles klar
positive	alles klar tesaro
positive	auf jeden fall
positive	gern roboter
positive	gerne
positive	ja ja doch
positive	ja ja hab ich
positive	ja klar
positive	johr
positive	natürlich
positive	noch mehr
positive	okay dann kommen wir mal wieder
positive	sehr gern roboter
positive	na klar roboter
positive	okay roboter
positive	geht es dir gut
positive	bist du gern hier im museum
negative	fühlst du dich schlecht
neutral	wie ist deine laune heute
neutral	führst du uns bitte zum analogrechner
neutral	kannst du mir etwas über den analogrechner erzählen
neutral	erläutere bitte den analogrechner
neutral	zeige mir den analogrechner
neutral	bist du ein roboter
neutral	bist du echt ein roboter
neutral	was bist du
neutral	nenne mir deinen namen
neutral	den namen bitte
neutral	sagst du mir wie du heist roboter
neutral	woher kommst du
neutral	hey roboter wie heißt du
neutral	hey roboter wie ist dein name
neutral	was ist deine aufgabe
neutral	die goldene maschine
neutral	ich würde gern die rechenmaschine sehen
neutral	führe mich bitte zu der rechenmaschiene
neutral	ich möchte mehr über die rechenmaschiene wissen
neutral	erläutere bitte die rechenmaschiene
neutral	zeige mir die rechenmaschiene
neutral	kannst du mir etwas über die mechanische rechenmaschiene erzählen
neutral	ich möchte mehr über die mechanische rechenmaschiene wissen
neutral	zeige mir die mechanische rechenmaschiene
neutral	den riesigen monitor wuerde ich gerne mal sehen
neutral	ich möchte mehr über das system für technische zeichnungen erfahren
neutral	kannst du uns mal zum system für technische zeichnungen führen
neutral	das system für technische zeichnungen bitte
neutral	erläutere bitte das system für technische zeichnungen
neutral	zeige mir das system für technische zeichnungen
neutral	kannst du mir etwas über das system zum zeichnen erzählen
neutral	ich möchte mehr über das system zum zeichnen wissen
neutral	zeige mir das system zum zeichnen
neutral	kannst du mir sagen wie viele sprachen du sprichst
neutral	sprichst du mehere sprachen
neutral	wie viele sprachen sprichst du noch
neutral	kannst du noch mehr sprachen ausser deutsch
neutral	was sprichst du ausser deutsch
neutral	was für sprachen sprichst du so
neutral	wird heute schönes wetter
neutral	wird es später regnen
neutral	soll es später regnen
neutral	wie wird das wetter
neutral	kann heute es regnen
neutral	wird heute es regnen
neutral	soll es heute regnen
neutral	kannst du mir etwas über deine entwickler erzälen
neutral	wer hat dich erschaffen
neutral	wer hat dich gebaut
neutral	wer ist dein erbauer
neutral	wer ist deine mutter
neutral	von wem wurdest du geschaffen
neutral	hast du dich gebaut
neutral	ich hätte gerne eine führung
neutral	kannst du mir bitte eine führung geben
neutral	erzähl mal was
neutral	hilfe
neutral	ich brauche hilfe
neutral	keine ahnung was kann ich dich denn noch fragen
neutral	was kannst du mir denn sonst noch so erzählen
neutral	wie kannst du mir helfen
negative	du bist aber langsam
negative	du bist aber nicht schnell
negative	du bist mir zu lahm
neutral	kannst du schneller fahren
negative	oh oh der ist aber langsam
neutral	wie schnell kannst du laufen
negative	mach bitte schneller
negative	kannst du auch mal schneller fahren
negative	fahr schneller du lahmer roboter
negative	schnell ist der roboter aber echt nicht
neutral	kannst du bitte qartett spielen
neutral	kannst du eigentlich auch tanzen
neutral	kannst du mir bitte eis holen
neutral	kannst du qartett spielen
negative	spring aus dem fenster
neutral	tesaro zeigst du uns mal bitte eine schreibmaschine
neutral	was ist eins plus eins
neutral	mich interessiert der heimcomputer
neutral	der ddr heimcomputer
neutral	kannst du uns mal zum heimcomputer führen
neutral	zeige mir bitte den heimcomputer
neutral	der ddr computer bitte
neutral	zeige mir den ddr computer
neutral	weißt du wie spät es ist
neutral	wie spät haben wir es
neutral	wie spät ist es
neutral	weißt du wie viel uhr wir haben
neutral	wie spät haben wir es gerade
neutral	kann ich dich nach der uhrzeit fragen
neutral	weißt du die uhrzeit
neutral	wieviel wiegst du eigentlich
neutral	wie schwer bist du
neutral	wie viel wiegen sie
neutral	der ist bestimmt schwer
neutral	wie schwer wird der wohl sein
neutral	sag mir dein gewicht
neutral	nenne mir dein gewicht
positive	guten tag lieber roboter
positive	hallo du da
positive	hallo du roboter
positive	hallo lieber roboter
positive	hey
positive	hey robo
positive	hi
positive	na du sag mal hallo
positive	kannst mich begrüßen
positive	sei gegrüßt tesaro
positive	huhu roboter
positive	huhu du da
positive	huhu sag mal hallo
positive	schönen abend noch
positive	auf wiederschauen tesaro
positive	bis demnächst
positive	bis denn
positive	bis bald roboter
positive	bis dann roboter
positive	bis denn roboter
positive	bis bald tesaro
positive	bis nachher tesaro
positive	bis später tesaro
positive	bye roboter
positive	mach es gut
positive	man sieht sich
positive	pass gut auf dich auf
positive	tschüs tesaro
positive	tschüss
positive	wir sehen uns das nächste mal
neutral	erzähle einen witz roboter
neutral	erzähle mir bitte einen witz
neutral	kennst du viele witze
neutral	kanst du scherze machen
neutral	erzähle mir etwas lustiges
neutral	kannst du witzig sein
neutral	kannst du späße machen
neutral	verstehst du spaß
negative	das ist nicht lustig hier
neutral	sei bitte witzig
neutral	kannst du witze erzählen roboter
neutral	ist das museum noch lange offen
neutral	ist das museum heute noch lange offen
neutral	wann macht das museum zu
neutral	was hast du feierabend
neutral	was hast du heute feierabend
neutral	wie lang habt ihr heute offen
neutral	weißt du wann das museum schließt
neutral	kannst du mir sagen wann das museum heute geschlossen wird
neutral	wie lang ist noch offen
neutral	bist du besser als mama
neutral	bist du gesprächig
positive	gehen wir noch zusammen einen trinken
neutral	hörst du mich
neutral	kannst du mich verstehen
neutral	siehst du mich
neutral	roboter darf ich schonmal vorgehen
neutral	verstehst du mich
neutral	wohnst du hier
neutral	bist du witzig
neutral	bist du ein komiker
neutral	bist du ein komisch
neutral	wohnst du hier im museum
negative	auf keinen fall
negative	nein danke
negative	nein nicht wirklich tesaro
negative	nicht wirklich tesaro
negative	never tesaro
negative	auf keinen fall roboter
negative	nein auf keinen fall roboter
negative	nein nicht wirklich roboter
negative	nö roboter
